category, description 
Mua sắm,Mua Quần áo mới
Mua sắm,Mua Giày thể thao
Mua sắm,Mua Túi xách da
Mua sắm,Mua Mỹ phẩm cơ bản
Mua sắm,Mua Đồ điện tử nhỏ
Mua sắm,Mua Sách mới
Mua sắm,Mua Đồ gia dụng
Mua sắm,Mua Phụ kiện điện thoại
Mua sắm,Mua Đồ dùng văn phòng
Mua sắm,Mua Đồ trang trí nhà
Mua sắm,Mua Máy pha cà phê
Mua sắm,Mua Thực phẩm nhập khẩu
Mua sắm,Mua Balo đi học
Mua sắm,Mua Đồng hồ thời trang
Mua sắm,Mua Trang sức nhỏ
Mua sắm,Mua Đồ chơi trẻ em
Mua sắm,Mua Đèn bàn học
Mua sắm,Mua Ốp lưng điện thoại
Mua sắm,Mua Mũ bảo hiểm
Mua sắm,Mua Giấy in văn phòng
Mua sắm,Mua Tã trẻ em
Mua sắm,Mua Bình nước thể thao
Mua sắm,Mua Găng tay thời trang
Mua sắm,Mua Khăn choàng cổ
Mua sắm,Mua Đồ dùng nhà bếp
Mua sắm,Mua Đèn ngủ
Mua sắm,Mua Máy sấy tóc
Mua sắm,Mua Đồ trang trí bàn
Mua sắm,Mua Quần áo thể thao
Mua sắm,Mua Đồ dùng học tập
Mua sắm,Mua Giày dép mùa hè
Mua sắm,Mua Áo khoác mùa đông
Mua sắm,Mua Sản phẩm chăm sóc da
Mua sắm,Mua Túi xách nữ
Mua sắm,Mua Đồ dùng phòng tắm
Mua sắm,Mua Đồ dùng cá nhân
Mua sắm,Mua Đèn pin nhỏ
Mua sắm,Mua Giày đi học
Mua sắm,Mua Mũ thời trang
Mua sắm,Mua Túi đựng laptop
Mua sắm,Mua Đồ ăn vặt
Mua sắm,Mua Bộ đồ nấu ăn
Mua sắm,Mua Gối tựa lưng
Mua sắm,Mua Đèn LED trang trí
Mua sắm,Mua Đồ dùng xe máy
Mua sắm,Mua Đồ trang trí phòng
Mua sắm,Mua Sản phẩm chăm sóc tóc
Mua sắm,Mua Đồ dùng văn phòng phẩm
Mua sắm,Mua Áo sơ mi nam
Mua sắm,Mua Quần jeans nữ
Mua sắm,Mua Đồ lót thời trang
Mua sắm,Mua Giày cao gót
Mua sắm,Mua Túi xách trẻ em
Mua sắm,Mua Đồ dùng nhà bếp nhỏ
Mua sắm,Mua Khăn tay
Mua sắm,Mua Đồ dùng cá nhân nhỏ
Mua sắm,Mua Bình giữ nhiệt
Mua sắm,Mua Đèn trang trí nhỏ
Mua sắm,Mua Sản phẩm làm đẹp
Mua sắm,Mua Đồ chơi trí tuệ
Mua sắm,Mua Bàn chải đánh răng
Mua sắm,Mua Máy lọc không khí
Mua sắm,Mua Đồ dùng văn phòng nhỏ
Mua sắm,Mua Túi đựng đồ
Mua sắm,Mua Gương soi
Mua sắm,Mua Giày đi bộ
Mua sắm,Mua Áo thun nam
Mua sắm,Mua Quần shorts nữ
Mua sắm,Mua Đồ dùng nhà bếp tiện
Mua sắm,Mua Bình nước uống
Mua sắm,Mua Sản phẩm chăm sóc răng
Mua sắm,Mua Khăn mặt
Mua sắm,Mua Đèn bàn trang trí
Mua sắm,Mua Đồ chơi vận động
Mua sắm,Mua Đồ dùng học sinh
Mua sắm,Mua Áo khoác nhẹ
Mua sắm,Mua Quần legging
Mua sắm,Mua Găng tay mùa đông
Mua sắm,Mua Đồ dùng phòng khách
Mua sắm,Mua Túi vải đa năng
Mua sắm,Mua Đồ dùng cá nhân tiện
Mua sắm,Mua Sách học tập
Mua sắm,Mua Đồ dùng nấu ăn
Mua sắm,Mua Giày thể thao trẻ em
Mua sắm,Mua Đồ trang trí bàn học
Mua sắm,Mua Đèn ngủ nhỏ
Mua sắm,Mua Đồ dùng phòng ăn
Mua sắm,Mua Túi xách công sở
Mua sắm,Mua Áo sơ mi nữ
Mua sắm,Mua Đồ dùng nhà bếp cơ bản
Mua sắm,Mua Mũ bảo hộ
Mua sắm,Mua Đồ chơi gỗ
Mua sắm,Mua Bộ đồ dùng nhà bếp
Mua sắm,Mua Đồ dùng cá nhân cơ bản
Mua sắm,Mua Đèn LED học tập
Mua sắm,Mua Túi đựng sách
Mua sắm,Mua Đồ dùng thể thao
Mua sắm,Mua Đồng hồ treo tường
Mua sắm,Mua Giày dép đi mưa
Mua sắm,Mua Áo len mùa đông
Mua sắm,Mua Quần dài nam
Mua sắm,Mua Túi xách da nhỏ
Mua sắm,Mua Đồ dùng làm đẹp
Mua sắm,Mua Sản phẩm chăm sóc móng
Mua sắm,Mua Đồ dùng phòng ngủ
Mua sắm,Mua Đồ chơi thông minh
Mua sắm,Mua Bình nước học sinh
Mua sắm,Mua Áo khoác chống nắng
Mua sắm,Mua Quần áo mặc nhà
Mua sắm,Mua Đèn trang trí phòng
Mua sắm,Mua Đồ dùng vệ sinh
Mua sắm,Mua Găng tay thể thao
Mua sắm,Mua Túi xách tiện dụng
Mua sắm,Mua Đồ dùng nhà tắm
Mua sắm,Mua Sản phẩm chăm sóc môi
Mua sắm,Mua Đồ chơi ngoài trời
Mua sắm,Mua Đèn pin cầm tay
Mua sắm,Mua Máy sấy quần áo
Mua sắm,Mua Đồ dùng nấu ăn cơ bản
Mua sắm,Mua Đồ trang trí nhỏ gọn
Mua sắm,Mua Áo khoác da
Mua sắm,Mua Quần kaki nam
Mua sắm,Mua Túi đeo chéo
Mua sắm,Mua Đồ dùng học tập cơ bản
Mua sắm,Mua Giày dép thể thao
Mua sắm,Mua Sản phẩm chăm sóc tóc nhỏ
Mua sắm,Mua Đèn bàn học sinh
Mua sắm,Mua Đồ dùng nhà bếp tiện lợi
Mua sắm,Mua Túi xách nữ công sở
Mua sắm,Mua Đồ chơi mô hình
Mua sắm,Mua Áo sơ mi trẻ em
Mua sắm,Mua Quần áo mùa hè
Mua sắm,Mua Găng tay công việc
Mua sắm,Mua Đèn trang trí LED
Mua sắm,Mua Đồ dùng cá nhân tiện lợi
Mua sắm,Mua Túi xách đi chơi
Mua sắm,Mua Đồ dùng phòng bếp
Mua sắm,Mua Bình giữ nhiệt nhỏ
Mua sắm,Mua Đồ trang trí nhà cửa
Mua sắm,Mua Sản phẩm chăm sóc cơ thể
Mua sắm,Mua Đồ chơi xếp hình
Mua sắm,Mua Đèn ngủ tiện dụng
Mua sắm,Mua Áo thun nữ
Mua sắm,Mua Quần áo mặc nhà tiện
Mua sắm,Mua Túi đựng laptop nhỏ
Mua sắm,Mua Đồ dùng văn phòng cơ bản
Mua sắm,Mua Giày dép mùa đông
Mua sắm,Mua Đồ dùng nhà bếp hiện đại
Mua sắm,Mua Đồ chơi vận động trẻ em
Mua sắm,Mua Áo khoác thể thao
Mua sắm,Mua Quần jean nam
Mua sắm,Mua Túi xách đi học
Mua sắm,Mua Đồ dùng học sinh cơ bản
Mua sắm,Mua Đèn trang trí bàn học
Mua sắm,Mua Đồ chơi trí tuệ trẻ em
Mua sắm,Mua Áo len nữ
Mua sắm,Mua Quần shorts nam
Mua sắm,Mua Găng tay mùa hè
Mua sắm,Mua Đèn bàn học tiện lợi
Mua sắm,Mua Đồ dùng nhà tắm cơ bản
Mua sắm,Mua Túi xách đi làm
Mua sắm,Mua Đồ dùng cá nhân nhỏ gọn
Mua sắm,Mua Đồ chơi ngoài trời trẻ em
Mua sắm,Mua Đèn LED bàn học
Mua sắm,Mua Áo khoác nữ
Mua sắm,Mua Quần áo thể thao trẻ em
Mua sắm,Mua Túi vải đa năng nhỏ
Mua sắm,Mua Đồ dùng nhà bếp nhỏ gọn
Mua sắm,Mua Đồ chơi sáng tạo
Mua sắm,Mua Bình nước đi học
Mua sắm,Mua Đèn pin học sinh
Mua sắm,Mua Áo thun trẻ em
Mua sắm,Mua Quần legging nữ
Mua sắm,Mua Túi đeo vai
Mua sắm,Mua Đồ dùng học tập tiện lợi
Mua sắm,Mua Giày thể thao nam
Mua sắm,Mua Đồ dùng phòng khách tiện
Mua sắm,Mua Sản phẩm chăm sóc tóc tiện
Mua sắm,Mua Đèn bàn học sinh tiện
Mua sắm,Mua Đồ dùng nhà bếp tiện lợi nhỏ gọn
Mua sắm,Mua Túi xách trẻ em tiện
Mua sắm,Mua Đồ chơi thông minh trẻ em
Mua sắm,Mua Áo sơ mi nam công sở
Mua sắm,Mua Quần jean nữ công sở
Mua sắm,Mua Găng tay đi mưa
Mua sắm,Mua Đèn trang trí LED nhỏ
Mua sắm,Mua Đồ dùng cá nhân tiện lợi nhỏ
Mua sắm,Mua Túi xách đi chơi nhỏ
Mua sắm,Mua Đồ dùng phòng bếp tiện lợi
Mua sắm,Mua Bình giữ nhiệt tiện dụng
Mua sắm,Mua Đồ trang trí nhà cửa tiện
Mua sắm,Mua Sản phẩm chăm sóc cơ thể nhỏ
Mua sắm,Mua Đồ chơi xếp hình trẻ em
Mua sắm,Mua Đèn ngủ nhỏ gọn
Mua sắm,Mua Áo thun nữ công sở
Mua sắm,Mua Quần áo mặc nhà tiện lợi
Mua sắm,Mua Túi đựng laptop tiện lợi
Mua sắm,Mua Đồ dùng văn phòng tiện lợi
Mua sắm,Mua Giày dép mùa hè trẻ em
Mua sắm,Mua Đồ dùng nhà bếp hiện đại nhỏ
Mua sắm,Mua Đồ chơi vận động tiện
Mua sắm,Mua Áo khoác thể thao trẻ em
Mua sắm,Mua Quần jean nam tiện
Mua sắm,Mua Túi xách đi học tiện
Mua sắm,Mua Đồ dùng học sinh tiện lợi
Mua sắm,Mua Đèn trang trí bàn học tiện
Mua sắm,Mua Đồ chơi trí tuệ tiện
Mua sắm,Mua Áo len nữ tiện
Mua sắm,Mua Quần shorts nam tiện
Mua sắm,Mua Găng tay mùa hè tiện
Mua sắm,Mua Đèn bàn học tiện
Mua sắm,Mua Đồ dùng nhà tắm tiện
Mua sắm,Mua Túi xách đi làm tiện
Mua sắm,Mua Đồ dùng cá nhân nhỏ gọn tiện
Mua sắm,Mua Đồ chơi ngoài trời tiện
Mua sắm,Mua Đèn LED bàn học tiện
Mua sắm,Mua Áo khoác nữ tiện
Mua sắm,Mua Quần áo thể thao tiện
Mua sắm,Mua Túi vải đa năng tiện
Mua sắm,Mua Đồ dùng nhà bếp nhỏ tiện
Mua sắm,Mua Đồ chơi sáng tạo tiện
Mua sắm,Mua Bình nước đi học tiện
Mua sắm,Mua Đèn pin học sinh tiện
Mua sắm,Mua Áo thun trẻ em tiện
Mua sắm,Mua Quần legging nữ tiện
Mua sắm,Mua Túi đeo vai tiện
Mua sắm,Mua Đồ dùng học tập tiện lợi
Mua sắm,Mua Giày thể thao nam tiện
Mua sắm,Mua Đồ dùng phòng khách tiện lợi
Mua sắm,Mua Sản phẩm chăm sóc tóc tiện lợi
Mua sắm,Mua Đèn bàn học sinh tiện lợi
Mua sắm,Mua Đồ dùng nhà bếp tiện lợi nhỏ gọn
Mua sắm,Mua Túi xách trẻ em tiện lợi
Mua sắm,Mua Đồ chơi thông minh tiện
Mua sắm,Mua Áo sơ mi nam công sở tiện
Mua sắm,Mua Quần jean nữ công sở tiện
Mua sắm,Mua Găng tay đi mưa tiện
Mua sắm,Mua Đèn trang trí LED tiện
Mua sắm,Mua Đồ dùng cá nhân tiện lợi nhỏ gọn
Mua sắm,Mua Túi xách đi chơi tiện
Mua sắm,Mua Đồ dùng phòng bếp tiện lợi nhỏ
Mua sắm,Mua Bình giữ nhiệt tiện lợi
Mua sắm,Mua Đồ trang trí nhà cửa tiện lợi
Mua sắm,Mua Sản phẩm chăm sóc cơ thể tiện
Mua sắm,Mua Đồ chơi xếp hình tiện
Mua sắm,Mua Đèn ngủ tiệnNhom
Mua sắm,Mua Quần áo mới
Mua sắm,Mua Giày thể thao
Mua sắm,Mua Túi xách da
Mua sắm,Mua Mỹ phẩm cơ bản
Mua sắm,Mua Đồ điện tử nhỏ
Mua sắm,Mua Sách mới
Mua sắm,Mua Đồ gia dụng
Mua sắm,Mua Phụ kiện điện thoại
Mua sắm,Mua Đồ dùng văn phòng
Mua sắm,Mua Đồ trang trí nhà
Mua sắm,Mua Máy pha cà phê
Mua sắm,Mua Thực phẩm nhập khẩu
Mua sắm,Mua Balo đi học
Mua sắm,Mua Đồng hồ thời trang
Mua sắm,Mua Trang sức nhỏ
Mua sắm,Mua Đồ chơi trẻ em
Mua sắm,Mua Đèn bàn học
Mua sắm,Mua Ốp lưng điện thoại
Mua sắm,Mua Mũ bảo hiểm
Mua sắm,Mua Giấy in văn phòng
Mua sắm,Mua Tã trẻ em
Mua sắm,Mua Bình nước thể thao
Mua sắm,Mua Găng tay thời trang
Mua sắm,Mua Khăn choàng cổ
Mua sắm,Mua Đồ dùng nhà bếp
Mua sắm,Mua Đèn ngủ
Mua sắm,Mua Máy sấy tóc
Mua sắm,Mua Đồ trang trí bàn
Mua sắm,Mua Quần áo thể thao
Mua sắm,Mua Đồ dùng học tập
Mua sắm,Mua Giày dép mùa hè
Mua sắm,Mua Áo khoác mùa đông
Mua sắm,Mua Sản phẩm chăm sóc da
Mua sắm,Mua Túi xách nữ
Mua sắm,Mua Đồ dùng phòng tắm
Mua sắm,Mua Đồ dùng cá nhân
Mua sắm,Mua Đèn pin nhỏ
Mua sắm,Mua Giày đi học
Mua sắm,Mua Mũ thời trang
Mua sắm,Mua Túi đựng laptop
Mua sắm,Mua Đồ ăn vặt
Mua sắm,Mua Bộ đồ nấu ăn
Mua sắm,Mua Gối tựa lưng
Mua sắm,Mua Đèn LED trang trí
Mua sắm,Mua Đồ dùng xe máy
Mua sắm,Mua Đồ trang trí phòng
Mua sắm,Mua Sản phẩm chăm sóc tóc
Mua sắm,Mua Đồ dùng văn phòng phẩm
Mua sắm,Mua Áo sơ mi nam
Mua sắm,Mua Quần jeans nữ
Mua sắm,Mua Đồ lót thời trang
Mua sắm,Mua Giày cao gót
Mua sắm,Mua Túi xách trẻ em
Mua sắm,Mua Đồ dùng nhà bếp nhỏ
Mua sắm,Mua Khăn tay
Mua sắm,Mua Đồ dùng cá nhân nhỏ
Mua sắm,Mua Bình giữ nhiệt
Mua sắm,Mua Đèn trang trí nhỏ
Mua sắm,Mua Sản phẩm làm đẹp
Mua sắm,Mua Đồ chơi trí tuệ
Mua sắm,Mua Bàn chải đánh răng
Mua sắm,Mua Máy lọc không khí
Mua sắm,Mua Đồ dùng văn phòng nhỏ
Mua sắm,Mua Túi đựng đồ
Mua sắm,Mua Gương soi
Mua sắm,Mua Giày đi bộ
Mua sắm,Mua Áo thun nam
Mua sắm,Mua Quần shorts nữ
Mua sắm,Mua Đồ dùng nhà bếp tiện
Mua sắm,Mua Bình nước uống
Mua sắm,Mua Sản phẩm chăm sóc răng
Mua sắm,Mua Khăn mặt
Mua sắm,Mua Đèn bàn trang trí
Mua sắm,Mua Đồ chơi vận động
Mua sắm,Mua Đồ dùng học sinh
Mua sắm,Mua Áo khoác nhẹ
Mua sắm,Mua Quần legging
Mua sắm,Mua Găng tay mùa đông
Mua sắm,Mua Đồ dùng phòng khách
Mua sắm,Mua Túi vải đa năng
Mua sắm,Mua Đồ dùng cá nhân tiện
Mua sắm,Mua Sách học tập
Mua sắm,Mua Đồ dùng nấu ăn
Mua sắm,Mua Giày thể thao trẻ em
Mua sắm,Mua Đồ trang trí bàn học
Mua sắm,Mua Đèn ngủ nhỏ
Mua sắm,Mua Đồ dùng phòng ăn
Mua sắm,Mua Túi xách công sở
Mua sắm,Mua Áo sơ mi nữ
Mua sắm,Mua Đồ dùng nhà bếp cơ bản
Mua sắm,Mua Mũ bảo hộ
Mua sắm,Mua Đồ chơi gỗ
Mua sắm,Mua Bộ đồ dùng nhà bếp
Mua sắm,Mua Đồ dùng cá nhân cơ bản
Mua sắm,Mua Đèn LED học tập
Mua sắm,Mua Túi đựng sách
Mua sắm,Mua Đồ dùng thể thao
Mua sắm,Mua Đồng hồ treo tường
Mua sắm,Mua Giày dép đi mưa
Mua sắm,Mua Áo len mùa đông
Mua sắm,Mua Quần dài nam
Mua sắm,Mua Túi xách da nhỏ
Mua sắm,Mua Đồ dùng làm đẹp
Mua sắm,Mua Sản phẩm chăm sóc móng
Mua sắm,Mua Đồ dùng phòng ngủ
Mua sắm,Mua Đồ chơi thông minh
Mua sắm,Mua Bình nước học sinh
Mua sắm,Mua Áo khoác chống nắng
Mua sắm,Mua Quần áo mặc nhà
Mua sắm,Mua Đèn trang trí phòng
Mua sắm,Mua Đồ dùng vệ sinh
Mua sắm,Mua Găng tay thể thao
Mua sắm,Mua Túi xách tiện dụng
Mua sắm,Mua Đồ dùng nhà tắm
Mua sắm,Mua Sản phẩm chăm sóc môi
Mua sắm,Mua Đồ chơi ngoài trời
Mua sắm,Mua Đèn pin cầm tay
Mua sắm,Mua Máy sấy quần áo
Mua sắm,Mua Đồ dùng nấu ăn cơ bản
Mua sắm,Mua Đồ trang trí nhỏ gọn
Mua sắm,Mua Áo khoác da
Mua sắm,Mua Quần kaki nam
Mua sắm,Mua Túi đeo chéo
Mua sắm,Mua Đồ dùng học tập cơ bản
Mua sắm,Mua Giày dép thể thao
Mua sắm,Mua Sản phẩm chăm sóc tóc nhỏ
Mua sắm,Mua Đèn bàn học sinh
Mua sắm,Mua Đồ dùng nhà bếp tiện lợi
Mua sắm,Mua Túi xách nữ công sở
Mua sắm,Mua Đồ chơi mô hình
Mua sắm,Mua Áo sơ mi trẻ em
Mua sắm,Mua Quần áo mùa hè
Mua sắm,Mua Găng tay công việc
Mua sắm,Mua Đèn trang trí LED
Mua sắm,Mua Đồ dùng cá nhân tiện lợi
Mua sắm,Mua Túi xách đi chơi
Mua sắm,Mua Đồ dùng phòng bếp
Mua sắm,Mua Bình giữ nhiệt nhỏ
Mua sắm,Mua Đồ trang trí nhà cửa
Mua sắm,Mua Sản phẩm chăm sóc cơ thể
Mua sắm,Mua Đồ chơi xếp hình
Mua sắm,Mua Đèn ngủ tiện dụng
Mua sắm,Mua Áo thun nữ
Mua sắm,Mua Quần áo mặc nhà tiện
Mua sắm,Mua Túi đựng laptop nhỏ
Mua sắm,Mua Đồ dùng văn phòng cơ bản
Mua sắm,Mua Giày dép mùa đông
Mua sắm,Mua Đồ dùng nhà bếp hiện đại
Mua sắm,Mua Đồ chơi vận động trẻ em
Mua sắm,Mua Áo khoác thể thao
Mua sắm,Mua Quần jean nam
Mua sắm,Mua Túi xách đi học
Mua sắm,Mua Đồ dùng học sinh cơ bản
Mua sắm,Mua Đèn trang trí bàn học
Mua sắm,Mua Đồ chơi trí tuệ trẻ em
Mua sắm,Mua Áo len nữ
Mua sắm,Mua Quần shorts nam
Mua sắm,Mua Găng tay mùa hè
Mua sắm,Mua Đèn bàn học tiện lợi
Mua sắm,Mua Đồ dùng nhà tắm cơ bản
Mua sắm,Mua Túi xách đi làm
Mua sắm,Mua Đồ dùng cá nhân nhỏ gọn
Mua sắm,Mua Đồ chơi ngoài trời trẻ em
Mua sắm,Mua Đèn LED bàn học
Mua sắm,Mua Áo khoác nữ
Mua sắm,Mua Quần áo thể thao trẻ em
Mua sắm,Mua Túi vải đa năng nhỏ
Mua sắm,Mua Đồ dùng nhà bếp nhỏ gọn
Mua sắm,Mua Đồ chơi sáng tạo
Mua sắm,Mua Bình nước đi học
Mua sắm,Mua Đèn pin học sinh
Mua sắm,Mua Áo thun trẻ em
Mua sắm,Mua Quần legging nữ
Mua sắm,Mua Túi đeo vai
Mua sắm,Mua Đồ dùng học tập tiện lợi
Mua sắm,Mua Giày thể thao nam
Mua sắm,Mua Đồ dùng phòng khách tiện
Mua sắm,Mua Sản phẩm chăm sóc tóc tiện
Mua sắm,Mua Đèn bàn học sinh tiện
Mua sắm,Mua Đồ dùng nhà bếp tiện lợi nhỏ gọn
Mua sắm,Mua Túi xách trẻ em tiện
Mua sắm,Mua Đồ chơi thông minh trẻ em
Mua sắm,Mua Áo sơ mi nam công sở
Mua sắm,Mua Quần jean nữ công sở
Mua sắm,Mua Găng tay đi mưa
Mua sắm,Mua Đèn trang trí LED nhỏ
Mua sắm,Mua Đồ dùng cá nhân tiện lợi nhỏ
Mua sắm,Mua Túi xách đi chơi nhỏ
Mua sắm,Mua Đồ dùng phòng bếp tiện lợi
Mua sắm,Mua Bình giữ nhiệt tiện dụng
Mua sắm,Mua Đồ trang trí nhà cửa tiện
Mua sắm,Mua Sản phẩm chăm sóc cơ thể nhỏ
Mua sắm,Mua Đồ chơi xếp hình trẻ em
Mua sắm,Mua Đèn ngủ nhỏ gọn
Mua sắm,Mua Áo thun nữ công sở
Mua sắm,Mua Quần áo mặc nhà tiện lợi
Mua sắm,Mua Túi đựng laptop tiện lợi
Mua sắm,Mua Đồ dùng văn phòng tiện lợi
Mua sắm,Mua Giày dép mùa hè trẻ em
Mua sắm,Mua Đồ dùng nhà bếp hiện đại nhỏ
Mua sắm,Mua Đồ chơi vận động tiện
Mua sắm,Mua Áo khoác thể thao trẻ em
Mua sắm,Mua Quần jean nam tiện
Mua sắm,Mua Túi xách đi học tiện
Mua sắm,Mua Đồ dùng học sinh tiện lợi
Mua sắm,Mua Đèn trang trí bàn học tiện
Mua sắm,Mua Đồ chơi trí tuệ tiện
Mua sắm,Mua Áo len nữ tiện
Mua sắm,Mua Quần shorts nam tiện
Mua sắm,Mua Găng tay mùa hè tiện
Mua sắm,Mua Đèn bàn học tiện
Mua sắm,Mua Đồ dùng nhà tắm tiện
Mua sắm,Mua Túi xách đi làm tiện
Mua sắm,Mua Đồ dùng cá nhân nhỏ gọn tiện
Mua sắm,Mua Đồ chơi ngoài trời tiện
Mua sắm,Mua Đèn LED bàn học tiện
Mua sắm,Mua Áo khoác nữ tiện
Mua sắm,Mua Quần áo thể thao tiện
Mua sắm,Mua Túi vải đa năng tiện
Mua sắm,Mua Đồ dùng nhà bếp nhỏ tiện
Mua sắm,Mua Đồ chơi sáng tạo tiện
Mua sắm,Mua Bình nước đi học tiện
Mua sắm,Mua Đèn pin học sinh tiện
Mua sắm,Mua Áo thun trẻ em tiện
Mua sắm,Mua Quần legging nữ tiện
Mua sắm,Mua Túi đeo vai tiện
Mua sắm,Mua Đồ dùng học tập tiện lợi
Mua sắm,Mua Giày thể thao nam tiện
Mua sắm,Mua Đồ dùng phòng khách tiện lợi
Mua sắm,Mua Sản phẩm chăm sóc tóc tiện lợi
Mua sắm,Mua Đèn bàn học sinh tiện lợi
Mua sắm,Mua Đồ dùng nhà bếp tiện lợi nhỏ gọn
Mua sắm,Mua Túi xách trẻ em tiện lợi
Mua sắm,Mua Đồ chơi thông minh tiện
Mua sắm,Mua Áo sơ mi nam công sở tiện
Mua sắm,Mua Quần jean nữ công sở tiện
Mua sắm,Mua Găng tay đi mưa tiện
Mua sắm,Mua Đèn trang trí LED tiện
Mua sắm,Mua Đồ dùng cá nhân tiện lợi nhỏ gọn
Mua sắm,Mua Túi xách đi chơi tiện
Mua sắm,Mua Đồ dùng phòng bếp tiện lợi nhỏ
Mua sắm,Mua Bình giữ nhiệt tiện lợi
Mua sắm,Mua Đồ trang trí nhà cửa tiện lợi
Mua sắm,Mua Sản phẩm chăm sóc cơ thể tiện
Mua sắm,Mua Đồ chơi xếp hình tiện
Mua sắm,Mua Đèn ngủ tiện
Mua sắm,Mua Giày đi biển
Mua sắm,Mua Túi đựng đồ thể thao
Mua sắm,Mua Đèn đọc sách
Mua sắm,Mua Bộ đồ ăn sáng
Mua sắm,Mua Đồ dùng cắm trại
Mua sắm,Mua Sách hướng dẫn nấu ăn
Mua sắm,Mua Máy xay sinh tố
Mua sắm,Mua Đồ chơi sáng tạo nhỏ
Mua sắm,Mua Đồ Shoppe
Mua sắm,Mua Đồ Tiki
Mua Sắm,Mua Đồ Lazada 
Mua Sắm,Mua Đồ Tiktok

